City_ID,City,Lat,Lng,Max Temp,Humidity,Cloudiness,Wind Speed,Country,Date
0,cap malheureux,-19.9842,57.6142,24.7,84,68,6.88,MU,1675203945
1,port lincoln,-34.7333,135.8667,17.05,84,99,7.25,AU,1675203826
2,saqqez,36.2499,46.2735,-5.22,93,28,2.26,IR,1675204174
3,moerai,-22.4333,-151.3333,26.38,74,91,4.47,PF,1675203873
4,yerbogachen,61.2767,108.0108,-35.57,100,76,1.26,RU,1675203951
5,kodiak,57.79,-152.4072,3.73,93,100,3.09,US,1675203534
6,barrow,71.2906,-156.7887,-21.99,84,0,11.83,US,1675203819
7,talnakh,69.4865,88.3972,-17.11,96,100,4.2,RU,1675203950
8,ust-ilimsk,58.0006,102.6619,-17.18,97,100,1.8,RU,1675203930
9,katsuura,35.1333,140.3,5.75,70,13,2.72,JP,1675203842
10,busselton,-33.65,115.3333,13.95,76,0,7.49,AU,1675203520
11,whitehorse,60.7161,-135.0538,-8.32,76,75,3.09,CA,1675203952
12,puerto ayora,-0.7393,-90.3518,27.98,89,76,0.45,EC,1675203838
13,arraial do cabo,-22.9661,-42.0278,24.98,78,0,7.72,BR,1675203600
14,ampanihy,-24.7,44.75,19.82,80,1,6.19,MG,1675204011
15,iqaluit,63.7506,-68.5145,-25.73,68,100,7.6,CA,1675203806
16,cape town,-33.9258,18.4232,21.06,81,20,7.2,ZA,1675203561
17,albany,42.6001,-73.9662,-3.21,57,86,0.45,US,1675203821
18,dikson,73.5069,80.5464,-22.21,93,96,4.05,RU,1675203820
19,torbay,47.6666,-52.7314,0.22,91,75,2.06,CA,1675203869
20,kapaa,22.0752,-159.319,26.18,83,75,4.12,US,1675203820
21,shiraz,29.6036,52.5388,6.69,61,75,11.83,IR,1675204176
22,clyde river,70.4692,-68.5914,-31.87,83,0,1.54,CA,1675203835
23,togitsu,32.8333,129.85,6.99,81,75,6.69,JP,1675204177
24,yellowknife,62.456,-114.3525,-28.71,69,75,5.66,CA,1675203521
25,chipata,-13.6333,32.65,18.02,97,100,2.15,ZM,1675204177
26,port elizabeth,-33.918,25.5701,20.73,97,0,2.57,ZA,1675204008
27,chokurdakh,70.6333,147.9167,-16.71,97,100,0.87,RU,1675203858
28,port-gentil,-0.7193,8.7815,26.98,83,20,3.09,GA,1675203640
29,ushuaia,-54.8,-68.3,12.81,58,40,2.06,AR,1675203805
30,bredasdorp,-34.5322,20.0403,19.2,96,35,0.96,ZA,1675203813
31,vaini,-21.2,-175.2,26.09,94,75,4.63,TO,1675203834
32,carnarvon,-24.8667,113.6333,24.98,78,67,5.72,AU,1675203816
33,east london,-33.0153,27.9116,22.9,89,83,5.81,ZA,1675203808
34,sambava,-14.2667,50.1667,25.22,88,12,2.72,MG,1675204178
35,hermanus,-34.4187,19.2345,17.67,90,13,3.27,ZA,1675203811
36,jamestown,42.097,-79.2353,-6.1,62,40,2.06,US,1675203788
37,abeche,13.8292,20.8324,25.35,13,11,4.44,TD,1675204179
38,bethel,41.3712,-73.414,2.2,58,0,3.09,US,1675203829
39,mataura,-46.1927,168.8643,16.27,99,100,0.45,NZ,1675203836
40,saint-joseph,-21.3667,55.6167,25.21,85,96,4.24,RE,1675204179
41,oktyabrskiy,54.4815,53.471,-12.54,97,38,2.87,RU,1675204180
42,bangassou,4.7413,22.8184,24.4,35,7,1.05,CF,1675204180
43,nurpur,29.15,78.4167,10.67,92,0,4.39,IN,1675204180
44,noumea,-22.2763,166.4572,28.33,99,83,0.48,NC,1675203643
45,qaanaaq,77.484,-69.3632,-21.28,50,70,3.85,GL,1675203895
46,guerrero negro,27.9769,-114.0611,15.81,50,59,4.11,MX,1675203819
47,mwinilunga,-11.7358,24.4293,15.08,98,88,1.12,ZM,1675204181
48,longyearbyen,78.2186,15.6401,-9.09,67,40,6.69,SJ,1675203994
49,lavrentiya,65.5833,-171.0,-5.27,97,100,1.03,RU,1675203810
50,itarema,-2.9248,-39.9167,26.47,78,89,5.56,BR,1675203932
51,rikitea,-23.1203,-134.9692,26.33,72,15,5.73,PF,1675203818
52,kamariotissa,40.4833,25.4667,8.24,57,53,7.95,GR,1675204182
53,atuona,-9.8,-139.0333,26.16,74,83,9.31,PF,1675203850
54,port alfred,-33.5906,26.891,21.21,94,12,0.89,ZA,1675203816
55,kununurra,-15.7667,128.7333,25.99,100,40,0.0,AU,1675204182
56,anjozorobe,-18.4,47.8667,18.46,95,99,2.99,MG,1675204183
57,san patricio,28.017,-97.5169,5.93,78,100,7.21,US,1675203813
58,lompoc,34.6391,-120.4579,18.3,50,0,4.02,US,1675203830
59,paamiut,61.994,-49.6678,-10.38,66,100,3.82,GL,1675203959
60,punta arenas,-53.15,-70.9167,15.06,51,75,12.86,CL,1675203609
61,vila franca do campo,37.7167,-25.4333,13.23,83,65,3.86,PT,1675204183
62,bloomington,44.8408,-93.2983,-11.09,57,20,5.14,US,1675204181
63,pacifica,37.6138,-122.4869,15.83,26,0,3.6,US,1675204184
64,laguna,38.421,-121.4238,14.45,38,0,3.6,US,1675203694
65,alekseyevsk,57.8406,108.3492,-16.6,97,100,2.83,RU,1675204184
66,nikolskoye,59.7035,30.7861,-0.05,93,98,3.66,RU,1675203541
67,kavieng,-2.5744,150.7967,28.23,73,100,3.48,PG,1675203636
68,mehamn,71.0357,27.8492,-0.05,93,75,6.69,NO,1675204185
69,tasiilaq,65.6145,-37.6368,-11.91,80,100,2.74,GL,1675203871
70,marawi,7.9986,124.2928,19.4,93,17,0.82,PH,1675203958
71,saint-pierre,-21.3393,55.4781,25.82,89,100,7.2,RE,1675203810
72,hirara,24.8,125.2833,17.92,82,75,2.06,JP,1675203747
73,pervomayskoye,43.919,46.7102,4.89,80,100,4.31,RU,1675204186
74,chicama,-7.8447,-79.1469,20.3,59,43,4.14,PE,1675204014
75,ayan,56.45,138.1667,-21.52,65,100,6.64,RU,1675204186
76,parangan,5.0839,119.9383,26.02,83,56,4.02,PH,1675204186
77,yulara,-25.2406,130.9889,24.17,34,73,5.86,AU,1675203944
78,salinopolis,-0.6136,-47.3561,25.52,87,80,3.34,BR,1675204187
79,hobart,-42.8794,147.3294,18.92,62,40,4.63,AU,1675203795
80,belo oriente,-19.22,-42.4836,22.86,87,74,0.48,BR,1675203911
81,jagdalpur,19.0667,82.0333,17.05,48,89,1.93,IN,1675204187
82,saskylakh,71.9167,114.0833,-33.35,96,100,3.09,RU,1675203872
83,gamba,-2.65,10.0,25.43,83,64,1.95,GA,1675204188
84,vardo,70.3705,31.1107,0.99,75,40,10.8,NO,1675203843
85,redmond,47.674,-122.1215,6.52,65,100,0.45,US,1675204188
86,avarua,-21.2078,-159.775,27.03,83,100,3.6,CK,1675203824
87,bluff,-46.6,168.3333,15.67,97,100,0.89,NZ,1675203813
88,eydhafushi,5.1033,73.0708,26.61,77,100,4.84,MV,1675204189
89,butaritari,3.0707,172.7902,26.7,79,67,8.7,KI,1675203803
90,lao cai,22.4833,103.95,12.34,80,3,0.56,VN,1675204189
91,makakilo city,21.3469,-158.0858,27.18,67,75,3.09,US,1675204157
92,komsomolskiy,40.4272,71.7189,-2.6,86,79,1.03,UZ,1675203969
93,igarka,67.4667,86.5833,-17.3,97,100,4.12,RU,1675204190
94,shache,38.4167,77.2406,-7.69,89,22,1.19,CN,1675204190
95,olafsvik,64.8945,-23.7142,-0.56,78,100,12.38,IS,1675203943
96,khetia,21.6667,74.5833,18.82,47,0,3.25,IN,1675204191
97,castro,-24.7911,-50.0119,17.66,98,100,0.85,BR,1675203814
98,ilulissat,69.2167,-51.1,-14.99,78,75,5.14,GL,1675204002
99,rabo de peixe,37.8,-25.5833,12.73,71,20,1.54,PT,1675203928
100,dalby,-27.1833,151.2667,28.32,71,77,0.45,AU,1675204191
101,pevek,69.7008,170.3133,-12.58,81,0,3.38,RU,1675203831
102,mahebourg,-20.4081,57.7,26.16,89,40,2.57,MU,1675203861
103,sitka,57.0531,-135.33,5.94,75,100,0.0,US,1675203808
104,nanortalik,60.1432,-45.2371,-8.02,79,100,0.91,GL,1675203823
105,victoria,22.2855,114.1577,19.97,84,94,2.68,HK,1675203653
106,margate,51.3813,1.3862,6.04,72,9,1.34,GB,1675203727
107,concepcion,-36.827,-73.0498,20.89,49,0,7.72,CL,1675204078
108,port blair,11.6667,92.75,27.02,78,40,2.06,IN,1675203883
109,mar del plata,-38.0023,-57.5575,22.01,86,75,7.2,AR,1675203837
110,tessalit,20.1986,1.0114,16.66,10,0,4.2,ML,1675203894
111,flinders,-34.5833,150.8552,23.99,70,76,0.89,AU,1675203945
112,lorengau,-2.0226,147.2712,27.35,80,100,3.41,PG,1675203871
113,amahai,-3.3333,128.9167,25.55,84,82,2.88,ID,1675204192
114,buraydah,26.326,43.975,14.25,59,14,5.39,SA,1675204193
115,hede,33.7681,120.2517,4.56,64,99,4.87,CN,1675204193
116,suluq,31.6682,20.2521,14.03,58,59,9.48,LY,1675203911
117,bandarbeyla,9.4942,50.8122,23.71,74,31,7.32,SO,1675203902
118,zyryanka,65.75,150.85,-26.52,96,96,2.75,RU,1675204194
119,mahanje,-9.9333,35.3333,17.49,96,2,1.18,TZ,1675204194
120,hilo,19.7297,-155.09,24.23,94,75,1.54,US,1675203700
121,asekeyevo,53.5742,52.7972,-16.87,99,63,2.15,RU,1675204194
122,leningradskiy,69.3833,178.4167,-14.97,96,100,2.87,RU,1675203883
123,san quintin,30.4833,-115.95,13.97,61,34,4.33,MX,1675203821
124,san jose,37.3394,-121.895,16.91,21,20,2.57,US,1675203875
125,thompson,55.7435,-97.8558,-27.91,63,75,3.09,CA,1675203838
126,jiazi,22.8779,116.067,16.37,77,100,3.61,CN,1675204195
127,champerico,14.3,-91.9167,33.3,56,5,4.85,GT,1675203883
128,el cairo,4.7591,-76.2223,17.26,86,88,1.77,CO,1675204195
129,hithadhoo,-0.6,73.0833,27.11,77,28,4.84,MV,1675203832
130,fortuna,40.5982,-124.1573,14.4,38,0,2.57,US,1675203883
131,farrukhnagar,17.0778,78.2011,17.84,56,76,3.5,IN,1675204196
132,oranjemund,-28.55,16.4333,17.02,96,4,1.57,NA,1675203882
133,aubenas,44.6201,4.3899,2.87,86,14,3.18,FR,1675204196
134,ugoofaaru,5.6667,73.0,26.62,79,100,5.32,MV,1675204197
135,lebu,-37.6167,-73.65,15.7,74,0,9.25,CL,1675203812
136,tsagan aman,47.5639,46.7218,-4.5,80,29,3.13,RU,1675204197
137,sioux lookout,50.1001,-91.917,-17.96,60,40,2.06,CA,1675204198
138,bukachacha,52.9833,116.9167,-25.97,96,8,1.89,RU,1675204198
139,nelson bay,-32.7167,152.15,24.44,79,88,5.36,AU,1675204121
140,erenhot,43.6475,111.9767,-14.58,67,0,2.84,CN,1675204199
141,nhulunbuy,-12.2333,136.7667,29.34,79,98,4.63,AU,1675204199
142,virden,39.5009,-89.7679,-6.25,51,85,3.39,US,1675204199
143,vostok,46.4856,135.8833,-20.19,95,100,1.39,RU,1675204200
144,puerto penasco,31.3167,-113.5333,13.84,78,80,1.79,MX,1675204200
145,stavern,59.0,10.0333,1.4,95,100,6.8,NO,1675204200
146,tomatlan,19.9333,-105.25,28.53,44,13,3.47,MX,1675204201
147,mamallapuram,12.6264,80.1722,25.03,82,98,4.73,IN,1675204202
148,hofn,64.2539,-15.2082,-1.2,65,99,9.45,IS,1675203804
149,sola,-13.8833,167.55,26.62,76,99,2.07,VU,1675204203
150,makushino,55.2103,67.2442,-12.72,88,88,3.64,RU,1675204204
151,los llanos de aridane,28.6585,-17.9182,13.86,72,20,3.6,ES,1675204206
152,ixtapa,20.7,-105.2,25.68,65,20,4.63,MX,1675203839
153,codrington,-38.2667,141.9667,15.23,81,91,7.35,AU,1675203940
154,santos reyes nopala,16.1092,-97.1561,25.65,53,4,2.6,MX,1675204207
155,labuhan,-6.8844,112.2051,25.02,86,100,3.1,ID,1675204208
156,upington,-28.4478,21.2561,23.21,64,59,3.09,ZA,1675203825
157,saint-philippe,-21.3585,55.7679,25.77,87,100,4.19,RE,1675203877
158,stornoway,58.2093,-6.3865,5.98,78,75,14.92,GB,1675204209
159,monte alegre,-2.0078,-54.0692,24.23,93,54,0.91,BR,1675204209
160,opuwo,-18.0607,13.84,18.36,85,98,1.48,NA,1675204210
161,beyneu,45.3167,55.2,-1.02,86,36,5.83,KZ,1675204210
162,takoradi,4.8845,-1.7554,26.44,85,94,2.62,GH,1675204211
163,matamoros,25.5333,-103.25,29.06,21,75,4.63,MX,1675204216
164,oster,50.9506,30.8823,-0.31,96,99,3.71,UA,1675204221
165,banda aceh,5.5577,95.3222,24.21,81,100,3.27,ID,1675203836
166,angoche,-16.2325,39.9086,25.85,83,53,2.54,MZ,1675204222
167,billings,45.7833,-108.5007,-4.13,50,75,7.2,US,1675204214
168,tuy hoa,13.0833,109.3,20.22,94,100,1.67,VN,1675203831
169,kaitangata,-46.2817,169.8464,17.02,98,100,0.76,NZ,1675203859
170,acapulco,16.8634,-99.8901,28.9,70,0,3.6,MX,1675203646
171,solnechnyy,50.7214,136.6319,-26.73,97,31,1.3,RU,1675203930
172,mbandaka,0.0487,18.2603,23.71,70,18,1.31,CD,1675204224
173,san luis,-33.295,-66.3356,29.36,42,90,2.6,AR,1675204226
174,bambous virieux,-20.3428,57.7575,26.14,89,40,2.57,MU,1675204227
175,akyab,20.15,92.9,18.93,64,16,2.84,MM,1675204020
176,maromitsa,59.8683,48.0123,-3.45,90,100,5.68,RU,1675204228
177,jalu,29.0331,21.5482,11.67,65,25,4.84,LY,1675203918
178,borgo san dalmazzo,44.333,7.4858,5.72,48,58,1.54,IT,1675204229
179,vavoua,7.3819,-6.4778,26.11,24,3,1.05,CI,1675204229
180,caborca,30.5838,-111.101,14.23,45,61,6.2,MX,1675203858
181,umea,63.8284,20.2597,-11.72,85,0,1.03,SE,1675204229
182,bilibino,68.0546,166.4372,-17.56,96,53,3.0,RU,1675203882
183,luderitz,-26.6481,15.1594,16.39,95,0,4.45,NA,1675203994
184,rawson,-43.3002,-65.1023,18.84,46,0,8.14,AR,1675203674
185,geraldton,-28.7667,114.6,20.23,88,0,1.03,AU,1675203849
186,balabac,7.9868,117.0645,26.54,84,72,7.59,PH,1675203904
187,souillac,-20.5167,57.5167,26.21,89,40,2.57,MU,1675203571
188,bengkulu,-3.8004,102.2655,23.58,90,100,2.67,ID,1675203875
189,new norfolk,-42.7826,147.0587,18.72,62,53,0.45,AU,1675203812
190,faanui,-16.4833,-151.75,27.08,76,47,6.75,PF,1675203918
191,vallenar,-28.5708,-70.7581,26.75,37,9,3.82,CL,1675203936
192,namibe,-15.1961,12.1522,22.37,81,98,2.43,AO,1675203988
193,westport,41.1415,-73.3579,3.51,57,0,3.6,US,1675203880
194,chulakivka,46.3576,32.3514,-0.92,90,78,3.98,UA,1675204231
195,chinhoyi,-17.3667,30.2,17.1,96,1,2.15,ZW,1675204231
196,haines junction,60.7522,-137.5108,-5.0,91,98,0.88,CA,1675203960
197,koumac,-20.5667,164.2833,28.03,57,36,0.83,NC,1675204232
198,chernyshevskiy,63.0128,112.4714,-43.36,100,64,1.1,RU,1675204232
199,saint anthony,45.0205,-93.218,-11.73,59,0,5.14,US,1675204232
200,touros,-5.1989,-35.4608,26.68,77,78,6.23,BR,1675203870
201,marystown,47.1666,-55.1483,-1.26,97,100,0.55,CA,1675204233
202,padang,-0.9492,100.3543,23.03,88,100,1.9,ID,1675203895
203,upernavik,72.7868,-56.1549,-18.05,94,100,6.83,GL,1675203815
204,gijon,43.5357,-5.6615,6.66,90,26,1.5,ES,1675204233
205,mattru,7.6244,-11.8332,24.07,86,44,0.95,SL,1675204234
206,kisangani,0.5167,25.2,22.06,74,8,1.4,CD,1675204234
207,barcelos,41.5388,-8.6151,7.6,81,34,1.73,PT,1675204098
208,chuy,-33.6971,-53.4616,24.26,77,19,4.62,UY,1675203538
209,gizo,-8.103,156.8419,28.89,71,77,3.57,SB,1675204235
210,mae sai,20.4335,99.8762,15.42,74,46,0.75,TH,1675204235
211,provideniya,64.3833,-173.3,-5.94,100,100,2.0,RU,1675203855
212,havoysund,70.9963,24.6622,1.13,83,100,8.48,NO,1675204236
213,ballina,-28.8667,153.5667,24.88,99,69,2.19,AU,1675204236
214,kruisfontein,-34.0033,24.7314,19.38,95,8,1.42,ZA,1675203887
215,college,64.8569,-147.8028,-6.78,84,100,2.57,US,1675203885
216,carbonia,39.1672,8.5222,7.78,80,55,0.3,IT,1675204237
217,saldanha,-33.0117,17.9442,17.03,95,25,8.81,ZA,1675203884
218,urucara,-2.5364,-57.76,23.21,98,100,0.63,BR,1675204237
219,waingapu,-9.6567,120.2641,26.58,82,74,2.41,ID,1675204238
220,yershov,51.3513,48.2766,-7.3,95,52,3.64,RU,1675204238
221,rossland,49.0831,-117.8022,-6.88,55,100,0.57,CA,1675204238
222,georgetown,5.4112,100.3354,26.96,80,20,2.06,MY,1675203623
223,dwarka,22.2394,68.9678,19.68,60,7,7.46,IN,1675204239
224,ahipara,-35.1667,173.1667,22.52,79,68,3.76,NZ,1675203899
225,ankola,14.6667,74.3,23.3,70,13,1.92,IN,1675204239
226,fairbanks,64.8378,-147.7164,-6.77,83,100,2.57,US,1675203834
227,norman wells,65.282,-126.8329,-25.98,76,40,4.12,CA,1675203889
228,kismayo,-0.3582,42.5454,24.8,82,40,6.34,SO,1675203989
229,baghdad,33.3406,44.4009,9.95,87,44,1.54,IQ,1675204008
230,antofagasta,-23.65,-70.4,22.6,76,49,2.24,CL,1675203958
231,sao filipe,14.8961,-24.4956,21.62,71,59,5.34,CV,1675203827
232,atar,20.5169,-13.0499,20.38,20,67,2.73,MR,1675203940
233,ihosy,-22.4,46.1167,18.36,96,100,4.54,MG,1675204240
234,sibolga,1.7427,98.7792,24.37,87,100,1.21,ID,1675204240
235,ambulu,-8.345,113.6058,24.42,90,100,1.04,ID,1675204241
236,tiznit,29.5833,-9.5,11.34,26,67,6.98,MA,1675204241
237,amga,60.8953,131.9608,-36.81,99,100,1.49,RU,1675204241
238,kharp,66.8014,65.8081,-13.54,97,100,0.91,RU,1675204242
239,santa rosa,14.3122,121.1114,23.99,82,81,4.78,PH,1675203643
240,tuktoyaktuk,69.4541,-133.0374,-37.0,67,20,2.06,CA,1675203539
241,pitkyaranta,61.5734,31.4792,-6.17,94,98,2.97,RU,1675204242
242,moletai,55.2333,25.4167,-0.83,91,100,5.02,LT,1675204243
243,dingle,10.9995,122.6711,23.48,95,52,4.01,PH,1675203985
244,esperance,-33.8667,121.9,16.51,73,100,6.33,AU,1675203956
245,surt,31.2089,16.5887,14.65,62,67,10.41,LY,1675204243
246,grindavik,63.8424,-22.4338,-2.74,74,0,2.57,IS,1675203851
247,guarapari,-20.6667,-40.4975,26.05,86,48,5.66,BR,1675204244
248,kalmunai,7.4167,81.8167,23.59,92,100,7.31,LK,1675204244
249,hohhot,40.8106,111.6522,-16.84,60,0,1.0,CN,1675204244
250,axim,4.8699,-2.2405,26.22,85,100,2.1,GH,1675204245
251,ribeira grande,38.5167,-28.7,13.21,85,94,3.58,PT,1675203876
252,samoded,63.6083,40.5111,-4.23,90,99,5.08,RU,1675204245
253,caruray,10.3094,119.0128,25.25,90,43,4.37,PH,1675204245
254,san cristobal,7.7669,-72.225,24.1,61,63,1.93,VE,1675203996
255,tuatapere,-46.1333,167.6833,18.07,90,100,1.25,NZ,1675203829
256,bosaso,11.2842,49.1816,22.72,73,25,1.98,SO,1675204246
257,klaksvik,62.2266,-6.589,5.11,86,100,13.58,FO,1675204246
258,porto walter,-8.2686,-72.7439,30.18,56,100,1.52,BR,1675204160
259,lata,40.1629,-8.3327,3.37,80,4,1.51,PT,1675204247
260,aklavik,68.2191,-135.0107,-34.1,99,32,1.41,CA,1675203953
261,okhotsk,59.3833,143.3,-18.56,97,100,4.97,RU,1675204247
262,erzin,36.9559,36.2,6.76,88,46,2.04,TR,1675204247
263,cidreira,-30.1811,-50.2056,25.04,83,18,3.11,BR,1675203965
264,tiksi,71.6872,128.8694,-20.72,99,100,4.84,RU,1675203920
265,oudtshoorn,-33.5907,22.2014,17.2,56,0,0.21,ZA,1675204248
266,northam,51.0333,-4.2167,8.12,79,93,8.45,GB,1675204248
267,jiwani,25.05,61.7417,20.39,60,1,2.54,PK,1675204249
268,petropavlovsk-kamchatskiy,53.0452,158.6483,-18.46,71,20,6.0,RU,1675203911
269,pangnirtung,66.1451,-65.7125,-31.0,47,40,1.03,CA,1675203998
270,mayo,38.8876,-76.5119,3.45,90,100,1.54,US,1675204249
271,dali,25.7,100.1833,7.13,64,1,2.34,CN,1675204250
272,beaverlodge,55.2166,-119.4361,-10.36,94,100,1.05,CA,1675204250
273,felanitx,39.4696,3.1483,5.63,73,0,0.83,ES,1675204250
274,kavaratti,10.5669,72.642,26.07,77,49,7.27,IN,1675204251
275,bubaque,11.2833,-15.8333,25.27,69,2,6.76,GW,1675203991
276,sao joao do piaui,-8.3581,-42.2467,28.42,47,86,1.5,BR,1675204251
277,tuensang,26.2833,94.8333,13.04,65,73,1.23,IN,1675204251
278,peniche,39.3558,-9.3811,8.03,86,16,4.65,PT,1675204252
279,gigmoto,13.7796,124.39,25.23,89,81,5.54,PH,1675204252
280,tabou,4.423,-7.3528,26.55,85,7,3.16,CI,1675203833
281,tutoia,-2.7619,-42.2744,25.72,88,97,4.84,BR,1675204252
282,cherskiy,68.75,161.3,-20.09,99,100,1.84,RU,1675203826
283,husavik,66.0449,-17.3389,-1.69,94,100,9.85,IS,1675203990
284,kudat,6.8837,116.8477,25.96,94,20,2.57,MY,1675204253
285,kulhudhuffushi,6.6221,73.07,26.79,76,99,5.23,MV,1675203952
286,zheleznodorozhnyy,55.7503,38.0042,0.34,93,100,3.96,RU,1675204204
287,lufilufi,-13.8745,-171.5986,29.88,77,100,6.76,WS,1675204253
288,houlton,46.1262,-67.8403,-9.77,56,20,5.14,US,1675204254
289,bakchar,57.0186,82.0711,-22.4,100,91,1.44,RU,1675204254
290,alta floresta,-9.8756,-56.0861,23.37,92,36,1.23,BR,1675204025
291,benguela,-12.5763,13.4055,25.31,80,96,1.75,AO,1675204254
292,haverfordwest,51.8017,-4.9691,8.92,76,93,3.13,GB,1675203886
293,burkburnett,34.0979,-98.5706,-1.62,52,100,7.2,US,1675204255
294,amuntai,-2.4177,115.2494,23.13,98,100,0.41,ID,1675204255
295,lianran,24.9227,102.485,10.3,82,0,1.51,CN,1675204256
296,nuuk,64.1835,-51.7216,-10.66,67,20,9.26,GL,1675203949
297,palimbang,6.2106,124.1894,25.61,84,25,1.41,PH,1675204256
298,cabo san lucas,22.8909,-109.9124,24.17,49,100,5.14,MX,1675203710
299,qazanbulaq,40.6192,46.6519,4.5,86,97,2.7,AZ,1675204256
300,kristiinankaupunki,62.2743,21.376,-3.69,95,19,1.75,FI,1675204239
301,kushmurun,52.4503,64.6311,-18.99,99,63,3.32,KZ,1675204257
302,kidal,18.4411,1.4078,19.52,7,20,3.41,ML,1675203975
303,yumen,40.2833,97.2,-6.72,40,82,1.88,CN,1675204258
304,fort nelson,58.8053,-122.7002,-12.81,75,75,3.09,CA,1675203839
305,belyy yar,53.6039,91.3903,-22.06,84,20,0.0,RU,1675204258
306,gariadhar,21.5333,71.5833,17.03,46,42,6.17,IN,1675204258
307,lagoa,39.05,-27.9833,13.69,70,92,5.49,PT,1675203930
308,port hedland,-20.3167,118.5667,26.03,89,17,0.0,AU,1675204259
309,sabang,5.8933,95.3214,25.04,79,100,3.69,ID,1675204259
310,kanniyakumari,8.0833,77.5667,25.41,78,100,2.64,IN,1675204260
311,saint-augustin,51.226,-58.6502,-17.47,83,16,4.31,CA,1675204004
312,kyra,49.5776,111.9753,-25.06,91,8,2.23,RU,1675204260
313,crossville,35.949,-85.0269,5.36,96,100,1.54,US,1675204137
314,cotonou,6.3654,2.4183,27.99,83,20,3.6,BJ,1675204261
315,buje,45.41,13.6619,3.84,75,28,4.12,HR,1675204261
316,bathsheba,13.2167,-59.5167,25.34,73,20,4.12,BB,1675203848
317,palana,59.1167,159.9667,-11.04,91,100,4.47,RU,1675204230
318,svetlogorsk,52.6333,29.7333,-0.92,94,100,3.65,BY,1675204262
319,mulbagal,13.1667,78.4,17.26,70,53,2.6,IN,1675204003
320,kieta,-6.2167,155.6333,28.53,75,98,1.99,PG,1675204263
321,deputatskiy,69.3,139.9,-27.36,97,100,2.75,RU,1675204263
322,asau,46.4333,26.4,-0.49,94,67,2.32,RO,1675203834
323,yuli,9.6989,10.2744,25.86,16,87,2.57,NG,1675204264
324,ponta do sol,32.6667,-17.1,14.45,74,22,3.46,PT,1675203821
325,narsaq,60.9167,-46.05,-6.88,94,100,0.72,GL,1675203899
326,asfi,32.2994,-9.2372,13.41,58,85,5.29,MA,1675204265
327,udachnyy,66.4167,112.4,-40.74,100,84,2.07,RU,1675204266
328,new deer,57.5123,-2.1884,4.78,75,94,1.34,GB,1675204266
329,isangel,-19.55,169.2667,30.06,79,75,1.03,VU,1675203874
330,pinawa,50.1489,-95.8811,-22.36,96,92,1.4,CA,1675204216
331,sobolevo,54.4299,31.8996,-1.42,92,100,2.69,RU,1675204267
332,airai,-8.9266,125.4092,15.97,93,96,0.88,TL,1675203814
333,lalsk,60.7415,47.5862,-3.17,90,99,5.5,RU,1675204268
334,balaipungut,1.05,101.2833,23.08,94,99,0.47,ID,1675204268
335,panindicuaro,19.9667,-101.7667,26.04,15,8,3.11,MX,1675204269
336,jesup,31.6074,-81.8854,24.96,65,40,0.0,US,1675204269
337,isabela,6.7085,121.9711,23.03,90,21,0.21,PH,1675204001
338,mangrol,21.1167,70.1167,18.56,45,39,6.54,IN,1675204270
339,florestopolis,-22.8633,-51.3872,21.86,86,100,1.18,BR,1675204156
340,lugovoy,42.9472,72.7644,-3.87,79,65,2.07,KZ,1675204271
341,labuan,5.2767,115.2417,25.2,94,20,0.0,MY,1675204271
342,santana,-0.0583,-51.1817,24.32,91,83,1.7,BR,1675204271
343,port said,31.2565,32.2841,12.99,88,75,6.17,EG,1675204272
344,honiara,-9.4333,159.95,28.3,74,69,1.19,SB,1675203910
345,constitucion,-35.3333,-72.4167,18.2,59,27,6.35,CL,1675203893
346,yei,4.095,30.6779,24.31,44,56,1.28,SS,1675204273
347,charters towers,-20.1,146.2667,26.25,76,97,3.5,AU,1675203600
348,chipinge,-20.1883,32.6236,17.99,93,64,3.7,ZW,1675204185
349,hualmay,-11.0964,-77.6139,23.8,73,94,3.61,PE,1675203916
350,kosh-agach,50.0,88.6667,-29.24,82,84,1.04,RU,1675204275
351,warrington,53.3925,-2.5802,8.67,75,40,10.8,GB,1675204276
352,klyuchi,52.2667,79.1667,-12.67,95,100,1.62,RU,1675204277
353,faya,18.3851,42.4509,12.06,65,33,1.73,SA,1675203891
354,thinadhoo,0.5333,72.9333,27.06,77,33,5.43,MV,1675204278
355,huinan,42.6225,126.2614,-8.86,96,100,3.48,CN,1675204279
356,shahpura,27.3833,75.9667,9.98,67,0,2.69,IN,1675204279
357,eyl,7.9803,49.8164,22.77,80,12,6.23,SO,1675203945
358,japura,-0.3167,102.35,22.38,99,100,1.1,ID,1675204016
359,cimislia,46.52,28.7842,3.08,94,35,2.99,MD,1675204280
360,la ronge,55.1001,-105.2842,-22.86,59,0,3.09,CA,1675203979
361,aksarka,66.5606,67.7975,-10.47,94,100,6.24,RU,1675204281
362,iwanai,42.9744,140.5089,-9.23,90,85,3.11,JP,1675204281
363,leshukonskoye,64.8989,45.7622,-0.99,94,100,6.14,RU,1675204282
364,nara,34.6851,135.8049,0.73,58,9,1.49,JP,1675204282
365,salalah,17.0151,54.0924,22.05,60,40,2.06,OM,1675204283
366,khatanga,71.9667,102.5,-41.46,100,79,2.11,RU,1675203809
367,hennebont,47.8051,-3.2734,9.95,96,75,2.06,FR,1675204284
368,san jeronimo,-11.9472,-75.2829,13.68,74,91,2.08,PE,1675204284
369,general pico,-35.6566,-63.7568,32.14,28,13,3.91,AR,1675204285
370,kloulklubed,7.0419,134.2556,25.28,80,98,10.01,PW,1675204285
371,cuitzeo,20.3333,-102.7833,26.24,25,0,4.52,MX,1675204285
372,emborion,40.4833,21.55,-0.8,77,1,2.96,GR,1675204286
373,tual,-5.6667,132.75,28.64,74,78,4.64,ID,1675204286
374,kahului,20.8947,-156.47,26.58,78,40,2.06,US,1675203828
375,warren,39.4334,-84.1666,-2.69,66,0,2.57,US,1675204255
376,colomi,-17.35,-65.8667,15.01,87,100,2.63,BO,1675204287
377,pingliang,35.5392,106.6861,-3.27,31,18,2.01,CN,1675204287
378,loubomo,-4.1997,12.6739,22.07,97,85,1.8,CG,1675204288
379,fuente de oro,3.4594,-73.6128,29.18,40,45,2.31,CO,1675204288
380,caravelas,-17.7125,-39.2481,24.89,81,26,3.04,BR,1675203935
381,berlevag,70.8578,29.0864,-0.03,86,75,11.32,NO,1675203995
382,shelburne,44.0787,-80.2041,-9.87,74,89,2.47,CA,1675204289
383,warmbad,-28.45,18.7333,21.18,36,0,1.74,NA,1675204289
384,lethem,3.3803,-59.7968,29.51,40,52,3.07,GY,1675204289
385,maner,25.65,84.8833,17.95,75,0,4.92,IN,1675204290
386,seymchan,62.8833,152.4333,-30.9,100,94,0.44,RU,1675204290
387,great falls,47.5002,-111.3008,-0.88,63,100,11.83,US,1675204223
388,anadyr,64.75,177.4833,-2.72,92,100,13.0,RU,1675203897
389,sorong,-0.8833,131.25,27.72,79,76,5.31,ID,1675204291
390,hobyo,5.3505,48.5268,24.22,75,14,6.63,SO,1675204291
391,vao,-22.6667,167.4833,25.97,76,81,4.89,NC,1675204292
392,aksu,41.1231,80.2644,-11.21,87,39,2.38,CN,1675203858
393,visby,57.6409,18.296,2.25,100,100,3.09,SE,1675204156
394,lalibela,12.0333,39.0333,16.95,42,40,2.7,ET,1675203956
395,sechura,-5.5569,-80.8222,25.18,68,59,7.18,PE,1675204292
396,tautira,-17.7333,-149.15,27.05,75,17,6.14,PF,1675203923
397,elhovo,42.1667,26.5667,2.23,95,68,2.25,BG,1675204293
398,lezajsk,50.2626,22.4193,3.45,94,100,2.24,PL,1675204293
399,savannah bight,16.45,-85.85,26.34,79,6,10.47,HN,1675204293
400,esmeraldas,-19.7625,-44.3139,26.48,80,91,1.94,BR,1675204294
401,thayetmyo,19.3167,95.1833,20.33,64,27,0.51,MM,1675204294
402,monterey,36.2505,-121.2516,12.87,26,0,0.96,US,1675204295
403,grand gaube,-20.0064,57.6608,26.22,84,67,7.3,MU,1675203637
404,ibra,22.6906,58.5334,15.31,66,4,0.81,OM,1675204295
405,kamenka,51.3223,42.7678,-0.85,96,100,4.21,RU,1675203842
406,bay saint louis,30.3088,-89.33,24.04,88,75,1.54,US,1675204295
407,nador,35.174,-2.9287,10.14,71,0,0.51,MA,1675204296
408,saint george,37.1041,-113.5841,5.7,28,0,1.79,US,1675203621
409,darlington,54.5243,-1.5504,6.47,77,26,1.34,GB,1675204296
410,manaia,-39.55,174.1333,18.93,78,100,6.34,NZ,1675204297
411,coquimbo,-29.9533,-71.3436,19.85,77,20,5.14,CL,1675203936
412,ialibu,-6.2821,143.9935,15.44,92,100,0.57,PG,1675204297
413,praia da vitoria,38.7333,-27.0667,13.14,82,20,5.17,PT,1675203712
414,itaituba,-4.2761,-55.9836,23.66,82,42,0.28,BR,1675204258
415,taltal,-25.4,-70.4833,20.79,78,28,1.95,CL,1675204285
416,severo-kurilsk,50.6789,156.125,-5.82,62,92,2.79,RU,1675203921
417,shumskiy,54.8318,99.1328,-13.13,92,100,0.87,RU,1675204298
418,banihal,33.4167,75.2,-1.59,87,56,3.26,IN,1675204298
419,jertih,5.7336,102.4897,22.28,94,100,1.23,MY,1675204298
420,mahemdavad,22.8333,72.7667,16.14,58,46,4.52,IN,1675204299
421,sulphur,30.2366,-93.3774,9.99,99,100,5.14,US,1675203969
422,shakawe,-18.3667,21.85,19.92,93,100,0.75,BW,1675204299
423,uray,60.1247,64.7758,-6.61,93,100,4.47,RU,1675204263
424,sapele,5.8941,5.6767,26.64,82,64,1.63,NG,1675204300
425,manicore,-5.8092,-61.3003,26.97,83,20,2.06,BR,1675204300
426,sur,22.5667,59.5289,18.83,70,4,2.2,OM,1675203878
427,mnogovershinnyy,53.9353,139.9242,-28.4,93,15,2.32,RU,1675204300
428,cayenne,4.9333,-52.3333,25.02,94,75,2.57,GF,1675203968
429,les cayes,18.2,-73.75,24.46,73,48,1.97,HT,1675204301
430,leshan,29.5623,103.7639,8.77,63,0,0.29,CN,1675204301
431,vung tau,10.346,107.0843,24.24,82,98,3.25,VN,1675204302
432,mombetsu,44.3525,143.3525,-7.18,75,82,3.39,JP,1675204302
433,porto belo,-27.1578,-48.5531,25.97,85,100,0.81,BR,1675204302
434,bollnas,61.3482,16.3946,-5.01,81,100,1.05,SE,1675204303
435,dongsheng,39.8161,109.9776,-11.69,53,95,3.39,CN,1675204303
436,navsari,20.9524,72.9324,20.85,48,6,4.35,IN,1675204303
437,sika,13.3546,-16.345,23.08,33,3,4.4,GM,1675204304
438,mogadishu,2.0371,45.3438,24.58,79,4,8.53,SO,1675204304
439,kitui,-1.367,38.0106,16.37,78,5,1.44,KE,1675204304
440,nome,64.5011,-165.4064,-6.02,100,100,0.0,US,1675204304
441,tecolutla,20.4833,-97.0167,27.92,77,4,4.16,MX,1675204305
442,cairns,-16.9167,145.7667,26.97,93,40,0.51,AU,1675204305
443,cabedelo,-6.9811,-34.8339,27.37,74,65,5.6,BR,1675204305
444,rabat,33.9911,-6.8401,11.69,91,0,0.0,MA,1675204067
445,batetskiy,58.6461,30.3027,-2.23,93,94,3.88,RU,1675204306
446,marzuq,14.4,46.4667,14.92,60,7,2.71,YE,1675203946
447,okoneshnikovo,54.8377,75.0834,-22.84,96,68,1.63,RU,1675204306
448,tambopata,-12.7333,-69.1833,28.94,79,75,2.06,PE,1675204307
449,san carlos de bariloche,-41.1456,-71.3082,25.86,19,20,4.12,AR,1675204008
450,palmas bellas,9.2319,-80.0867,25.84,76,94,5.96,PA,1675204307
451,moron,-34.6534,-58.6198,28.36,75,1,4.92,AR,1675204308
452,vestmannaeyjar,63.4427,-20.2734,-0.43,67,100,7.76,IS,1675203893
453,maniitsoq,65.4167,-52.9,-16.73,76,100,4.54,GL,1675204136
454,porto novo,6.4965,2.6036,27.9,86,96,2.78,BJ,1675204308
455,tarko-sale,64.9225,77.785,-16.36,95,81,5.91,RU,1675204308
456,bara,10.3744,10.7288,24.84,16,67,3.82,NG,1675204309
457,severo-yeniseyskiy,60.3725,93.0408,-18.71,99,100,1.51,RU,1675204309
458,tilichiki,60.4667,166.1,-12.87,94,100,3.87,RU,1675204309
459,north bend,43.4065,-124.2243,9.95,80,0,2.06,US,1675204310
460,paita,-5.0892,-81.1144,25.83,69,83,6.34,PE,1675204008
461,tiarei,-17.5333,-149.3333,29.01,74,7,6.28,PF,1675204310
462,xai-xai,-25.0519,33.6442,23.82,77,49,3.42,MZ,1675204311
463,valparaiso,-33.0393,-71.6273,22.13,68,0,3.6,CL,1675203731
464,hovd,48.0056,91.6419,-18.9,77,28,1.19,MN,1675204027
465,hasaki,35.7333,140.8333,-4.78,54,32,3.32,JP,1675203901
466,tazovskiy,67.4667,78.7,-17.19,95,93,5.32,RU,1675204311
467,tecoanapa,16.5167,-98.75,28.34,57,0,4.49,MX,1675204312
468,talara,-4.5772,-81.2719,29.42,61,0,5.14,PE,1675204312
469,baruun-urt,46.6806,113.2792,-22.72,86,3,2.73,MN,1675204313
470,kirakira,-10.4544,161.9205,28.15,75,86,1.4,SB,1675203832
471,jizan,17.3333,42.6667,24.52,74,89,2.07,SA,1675203955
472,yinchuan,38.4681,106.2731,-7.13,27,38,3.19,CN,1675204313
473,afonso claudio,-20.0742,-41.1239,21.21,95,41,1.3,BR,1675204313
474,tubuala,9.5167,-79.0333,25.79,81,61,7.65,PA,1675204314
475,vredendal,-31.6683,18.5012,17.19,85,0,2.64,ZA,1675203890
476,batticaloa,7.7102,81.6924,23.68,95,100,7.69,LK,1675204241
477,ancud,-41.8697,-73.8203,16.84,58,0,2.36,CL,1675203898
478,bima,-8.4667,118.7167,25.78,92,100,0.65,ID,1675204314
479,grand-lahou,5.1367,-5.0242,26.11,86,85,3.13,CI,1675203990
480,dakar,14.6937,-17.4441,20.49,83,0,4.12,SN,1675204020
481,half moon bay,37.4636,-122.4286,16.41,23,0,3.09,US,1675203577
482,gudur,14.1333,79.85,21.65,85,64,2.59,IN,1675204315
483,chapais,49.7834,-74.8492,-18.12,91,100,3.95,CA,1675204253
484,shakhtinsk,49.71,72.5872,-19.66,100,35,1.34,KZ,1675204315
485,westerland,54.9079,8.3033,4.97,87,75,7.72,DE,1675204316
486,mount isa,-20.7333,139.5,24.87,94,100,2.57,AU,1675204316
487,kemalpasa,38.4262,27.4173,3.32,79,44,2.84,TR,1675204316
488,vila velha,-20.3297,-40.2925,26.08,84,20,6.17,BR,1675203892
489,meulaboh,4.1363,96.1285,23.41,84,100,3.21,ID,1675203830
490,pedernales,18.0384,-71.744,24.3,74,45,2.28,DO,1675204317
491,ridgecrest,35.6225,-117.6709,13.92,9,0,4.92,US,1675204317
492,jinchang,38.4953,102.1739,-4.22,42,8,1.78,CN,1675203865
493,borogontsy,62.6683,131.1683,-35.73,98,100,1.18,RU,1675204318
494,elban,50.1018,136.5094,-27.3,98,99,1.18,RU,1675204318
495,verkhnyaya balkariya,43.1279,43.4573,-3.49,65,67,1.79,RU,1675204318
496,monkey hill,17.3167,-62.7167,24.92,73,40,5.66,KN,1675204285
497,togul,53.465,85.9128,-15.68,97,100,0.75,RU,1675204319
498,sterling,39.0062,-77.4286,3.07,90,100,2.24,US,1675204123
499,sibut,5.718,19.0739,26.94,35,34,1.24,CF,1675204319
500,bonthe,7.5264,-12.505,25.08,85,89,2.5,SL,1675204319
501,morant bay,17.8815,-76.4093,28.17,76,20,5.13,JM,1675204320
502,faranah,10.0404,-10.7434,25.25,20,24,2.1,GN,1675204320
503,araouane,18.9048,-3.5265,16.0,11,4,4.72,ML,1675204320
504,terney,45.0503,136.6092,-12.36,72,99,2.2,RU,1675203992
505,ordynskoye,54.3656,81.8994,-22.89,98,64,0.84,RU,1675204321
506,havelock,34.8791,-76.9013,14.97,89,100,1.54,US,1675204321
507,lodja,-3.4833,23.4333,20.82,98,80,1.82,CD,1675204321
508,buala,-8.145,159.5921,28.77,70,79,4.78,SB,1675204322
509,keti bandar,24.1447,67.4497,17.21,33,1,6.54,PK,1675204323
510,goure,13.9835,10.2704,21.51,12,47,5.35,NE,1675204323
511,beringovskiy,63.05,179.3167,-2.54,97,75,4.26,RU,1675204194
512,soyo,-6.1349,12.3689,26.58,83,40,3.55,AO,1675203955
513,mosquera,4.7059,-74.2302,18.05,63,20,5.14,CO,1675204124
514,maceio,-9.6658,-35.7353,23.69,94,100,5.14,BR,1675203869
515,kintampo,8.0563,-1.7306,28.11,11,100,0.48,GH,1675204325
516,tizimin,21.15,-88.15,27.23,62,72,3.81,MX,1675204325
517,foumban,5.7291,10.9001,22.08,31,71,1.46,CM,1675204326
518,jiuquan,39.7432,98.5174,-7.92,48,52,1.33,CN,1675204326
519,ambovombe,-25.1667,46.0833,21.99,71,94,7.88,MG,1675204328
520,nemuro,43.3236,145.575,-6.39,64,9,3.14,JP,1675204000
521,ekhabi,53.5102,142.9671,-27.82,95,14,3.5,RU,1675204329
522,linxia,35.6003,103.2064,-5.0,33,5,1.33,CN,1675204186
523,tigil,57.8,158.6667,-14.5,93,100,2.66,RU,1675204329
524,srandakan,-7.9386,110.2506,25.12,88,100,1.82,ID,1675204330
525,omsukchan,62.5333,155.8,-22.45,99,100,0.56,RU,1675203853
526,calatayud,41.3535,-1.6432,2.38,84,4,0.42,ES,1675204331
527,aquiraz,-3.9014,-38.3911,28.05,84,99,4.63,BR,1675204257
528,brigantine,39.4101,-74.3646,2.23,92,100,2.57,US,1675204274
529,barberton,-25.7884,31.0532,20.65,98,100,0.76,ZA,1675204334
530,witu,-2.3889,40.4382,25.09,93,1,2.27,KE,1675204334
531,preobrazheniye,42.9019,133.9064,-5.59,94,100,3.76,RU,1675204335
532,herat,34.5,62.0,11.79,32,100,12.63,AF,1675204336
533,ismailia,30.6043,32.2723,12.69,57,23,5.59,EG,1675204133
534,kabare,-2.4683,28.8242,15.07,87,23,0.33,CD,1675204339
535,hami,42.8,93.45,-4.21,33,97,0.15,CN,1675204269
536,port hardy,50.6996,-127.4199,4.1,75,100,9.26,CA,1675203906
537,mount gambier,-37.8333,140.7667,14.7,79,100,4.85,AU,1675203814
538,kyabe,9.4515,18.9449,28.89,14,27,1.72,TD,1675204342
539,iberia,29.9502,-91.7507,11.65,93,100,5.14,US,1675204344
540,alamor,-4.0181,-80.0197,18.33,86,100,1.27,EC,1675204345
541,santa maria,-29.6842,-53.8069,32.61,35,20,1.03,BR,1675204163
542,oda,35.1833,132.5,4.43,78,74,5.75,JP,1675204346
543,vilhena,-12.7406,-60.1458,22.12,94,75,4.63,BR,1675204346
544,manokwari,-0.8667,134.0833,25.42,77,49,1.58,ID,1675203880
